entry_date,signal_date,exit_date,종목코드,entry_price,exit_price,shares,notional_at_entry,buy_cost,sell_cost,exit_reason,cost_paid,holding_days
2011-04-01,2011-03-31,2011-07-01,005930,936000.0,843000.0,2.1367521367521368e-07,0.2,0.00013000000000000002,0.00047733974358974356,monthly_rebalance,0.0006073397435897435,62
2011-04-01,2011-03-31,2011-07-01,005380,204000.0,240000.0,9.80392156862745e-07,0.2,0.00013000000000000002,0.0006235294117647059,monthly_rebalance,0.000753529411764706,62
2011-04-01,2011-03-31,2011-07-01,005490,497500.0,464000.0,4.020100502512563e-07,0.2,0.00013000000000000002,0.0004943115577889447,monthly_rebalance,0.0006243115577889447,62
2011-04-01,2011-03-31,2011-07-01,009540,518000.0,448000.0,3.8610038610038613e-07,0.2,0.00013000000000000002,0.0004583783783783784,monthly_rebalance,0.0005883783783783784,62
2011-04-01,2011-03-31,2011-07-01,012330,323500.0,404500.0,6.162300532474599e-07,0.1993504222255533,0.00012957777444660965,0.0006605523998272835,monthly_rebalance,0.0007901301742738932,62
2011-07-01,2011-06-30,2011-10-04,005930,843000.0,805000.0,2.4234374949278014e-07,0.20429578082241365,0.00013279225753456888,0.0005169798036054732,monthly_rebalance,0.0006497720611400421,63
2011-07-01,2011-06-30,2011-10-04,005380,240000.0,201000.0,8.512324200933902e-07,0.20429578082241365,0.00013279225753456888,0.0004534089485627443,monthly_rebalance,0.0005862012060973132,63
2011-07-01,2011-06-30,2011-10-04,005490,464000.0,355000.0,4.4029263108278804e-07,0.20429578082241365,0.00013279225753456888,0.00041420529269113284,monthly_rebalance,0.0005469975502257017,63
2011-07-01,2011-06-30,2011-10-04,012330,404500.0,325000.0,5.050575545671537e-07,0.20429578082241365,0.00013279225753456888,0.00043498081887096107,monthly_rebalance,0.00056777307640553,63
2011-07-01,2011-06-30,2011-10-04,009540,448000.0,258500.0,4.545362741724025e-07,0.20363225082923633,0.00013236096303900362,0.00031136871121495007,monthly_rebalance,0.0004437296742539537,63
2011-10-04,2011-09-30,2012-01-02,005930,805000.0,1070000.0,1.9925433722926582e-07,0.160399741469559,0.00010425983195521333,0.0005649856732135832,monthly_rebalance,0.0006692455051687966,63
2011-10-04,2011-09-30,2012-01-02,005380,201000.0,214000.0,7.980086640276567e-07,0.160399741469559,0.00010425983195521333,0.00045255071337008406,monthly_rebalance,0.0005568105453252974,63
2011-10-04,2011-09-30,2012-01-02,012330,325000.0,297500.0,4.935376660601815e-07,0.160399741469559,0.00010425983195521333,0.00038909275748019565,monthly_rebalance,0.000493352589435409,63
2011-10-04,2011-09-30,2012-01-02,005490,355000.0,380500.0,4.5183025766072956e-07,0.160399741469559,0.00010425983195521333,0.0004555917445557552,monthly_rebalance,0.0005598515765109685,63
2011-10-04,2011-09-30,2012-01-02,000270,69000.0,66700.0,2.317083781654072e-06,0.15987878093413097,0.00010392120760718513,0.00040955614382626545,monthly_rebalance,0.0005134773514334506,63
2012-01-02,2011-12-29,2012-04-02,005930,1070000.0,1275000.0,1.5981356538951876e-07,0.17100051496678506,0.00011115033472841029,0.0005399700840598365,monthly_rebalance,0.0006511204187882469,62
2012-01-02,2011-12-29,2012-04-02,005380,214000.0,233000.0,7.990678269475937e-07,0.17100051496678506,0.00011115033472841029,0.0004933844297487917,monthly_rebalance,0.000604534764477202,62
2012-01-02,2011-12-29,2012-04-02,005490,380500.0,379500.0,4.4941002619391606e-07,0.17100051496678506,0.00011115033472841029,0.0004519604280925665,monthly_rebalance,0.0005631107628209768,62
2012-01-02,2011-12-29,2012-04-02,012330,297500.0,289000.0,5.747916469471767e-07,0.17100051496678506,0.00011115033472841029,0.00044020418281449523,monthly_rebalance,0.0005513545175429056,62
2012-01-02,2011-12-29,2012-04-02,000270,66700.0,74500.0,2.5553991648737383e-06,0.17044512429707834,0.00011078933079310092,0.0005044996801251977,monthly_rebalance,0.0006152890109182987,62
2012-04-02,2012-03-30,2012-07-02,005930,1275000.0,1208000.0,1.4346011128423585e-07,0.18291164188740072,0.00011889256722681047,0.00045924450824309587,monthly_rebalance,0.0005781370754699063,61
2012-04-02,2012-03-30,2012-07-02,005380,233000.0,236500.0,7.850285059545095e-07,0.18291164188740072,0.00011889256722681047,0.00049199699039434,monthly_rebalance,0.0006108895576211504,61
2012-04-02,2012-03-30,2012-07-02,005490,379500.0,361500.0,4.819806110339939e-07,0.18291164188740072,0.00011889256722681047,0.0004617253758552903,monthly_rebalance,0.0005806179430821008,61
2012-04-02,2012-03-30,2012-07-02,000270,74500.0,75600.0,2.455189823991956e-06,0.18291164188740072,0.00011889256722681047,0.0004918727293385484,monthly_rebalance,0.0006107652965653588,61
2012-04-02,2012-03-30,2012-07-02,012330,289000.0,273000.0,6.308566269934699e-07,0.18231756520111278,0.00011850641738072332,0.00045639322679842583,monthly_rebalance,0.0005748996441791492,61
2012-07-02,2012-06-29,2012-10-02,005930,1208000.0,1354000.0,1.4713079867727926e-07,0.17773400480215334,0.00011552710312139966,0.0005279200187339457,monthly_rebalance,0.0006434471218553454,64
2012-07-02,2012-06-29,2012-10-02,005380,236500.0,247000.0,7.515179907067795e-07,0.17773400480215334,0.00011552710312139966,0.0004919061008171225,monthly_rebalance,0.0006074332039385222,64
2012-07-02,2012-06-29,2012-10-02,005490,361500.0,363000.0,4.916569980695804e-07,0.17773400480215334,0.00011552710312139966,0.00047294944929303286,monthly_rebalance,0.0005884765524144326,64
2012-07-02,2012-06-29,2012-10-02,000270,75600.0,70400.0,2.350978899499383e-06,0.17773400480215334,0.00011552710312139966,0.00043859862349060485,monthly_rebalance,0.0005541257266120045,64
2012-07-02,2012-06-29,2012-10-02,012330,273000.0,310500.0,6.489258040503258e-07,0.17715674450573893,0.00011515188392873031,0.0005339523747177092,monthly_rebalance,0.0006491042586464395,64
2012-10-02,2012-09-28,2013-01-02,005930,1354000.0,1533000.0,1.3705267142218594e-07,0.18556931710563976,0.00012062005611866585,0.0005567696250190593,monthly_rebalance,0.0006773896811377251,61
2012-10-02,2012-09-28,2013-01-02,005380,247000.0,220500.0,7.512927818042096e-07,0.18556931710563976,0.00012062005611866585,0.00043899915472774475,monthly_rebalance,0.0005596192108464106,61
2012-10-02,2012-09-28,2013-01-02,005490,363000.0,355500.0,5.112102399604401e-07,0.18556931710563976,0.00012062005611866585,0.0004815983868107316,monthly_rebalance,0.0006022184429293974,61
2012-10-02,2012-09-28,2013-01-02,012330,310500.0,290000.0,5.97646753963413e-07,0.18556931710563976,0.00012062005611866585,0.0004592915304208829,monthly_rebalance,0.0005799115865395487,61
2012-10-02,2012-09-28,2013-01-02,000270,70400.0,57000.0,2.6273665992270524e-06,0.18496660858558447,0.0001202282955806299,0.00039686372481324627,monthly_rebalance,0.0005170920203938762,61
2013-01-02,2012-12-28,2013-04-01,005930,1533000.0,1535000.0,1.1457807910861263e-07,0.17564819527350317,0.00011417132692777705,0.00046607498129405906,monthly_rebalance,0.000580246308221836,61
2013-01-02,2012-12-28,2013-04-01,005380,220500.0,224500.0,7.965904547551164e-07,0.17564819527350317,0.00011417132692777705,0.0004739115762951876,monthly_rebalance,0.0005880829032229647,61
2013-01-02,2012-12-28,2013-04-01,005490,355500.0,327000.0,4.940877504177305e-07,0.17564819527350317,0.00011417132692777705,0.00042815174012448436,monthly_rebalance,0.0005423230670522615,61
2013-01-02,2012-12-28,2013-04-01,012330,290000.0,306500.0,6.056834319775972e-07,0.17564819527350317,0.00011417132692777705,0.0004919512255380038,monthly_rebalance,0.0006061225524657808,61
2013-01-02,2012-12-28,2013-04-01,000270,57000.0,55700.0,3.0715387623622175e-06,0.1750777094546464,0.00011380051114552017,0.0004533744790184751,monthly_rebalance,0.0005671749901639952,61
2013-04-01,2013-03-29,2013-07-01,005930,1535000.0,1334000.0,1.1344518825710498e-07,0.17413836397465615,0.00011318993658352649,0.00040104008500769177,monthly_rebalance,0.0005142300215912182,62
2013-04-01,2013-03-29,2013-07-01,005380,224500.0,224500.0,7.756719998871098e-07,0.17413836397465615,0.00011318993658352649,0.00046146666453283875,monthly_rebalance,0.0005746566011163652,62
2013-04-01,2013-03-29,2013-07-01,012330,306500.0,269000.0,5.681512690853382e-07,0.17413836397465615,0.00011318993658352649,0.00040500663216748336,monthly_rebalance,0.0005181965687510099,62
2013-04-01,2013-03-29,2013-07-01,005490,327000.0,294500.0,5.325332231640861e-07,0.17413836397465615,0.00011318993658352649,0.00041560224068783186,monthly_rebalance,0.0005287921772713583,62
2013-04-01,2013-03-29,2013-07-01,000270,55700.0,60800.0,3.116207933933104e-06,0.1735727819200739,0.00011282230824804802,0.0005020834223153017,monthly_rebalance,0.0006149057305633497,62
2013-07-01,2013-06-28,2013-10-01,005930,1334000.0,1380000.0,1.233010815672916e-07,0.16448364281076702,0.00010691436782699857,0.00045091205529158537,monthly_rebalance,0.000557826423118584,62
2013-07-01,2013-06-28,2013-10-01,005380,224500.0,251000.0,7.326665604043075e-07,0.16448364281076702,0.00010691436782699857,0.0004873331626529252,monthly_rebalance,0.0005942475304799238,62
2013-07-01,2013-06-28,2013-10-01,012330,269000.0,285500.0,6.114633561738551e-07,0.16448364281076702,0.00010691436782699857,0.00046261788869723437,monthly_rebalance,0.0005695322565242329,62
2013-07-01,2013-06-28,2013-10-01,005490,294500.0,317500.0,5.585183117513311e-07,0.16448364281076702,0.00010691436782699857,0.00046992334454977615,monthly_rebalance,0.0005768377123767747,62
2013-07-01,2013-06-28,2013-10-01,000270,60800.0,65000.0,2.696536483842392e-06,0.16394941821761744,0.00010656712184145134,0.0004644784093418521,monthly_rebalance,0.0005710455311833035,62
2013-10-01,2013-09-30,2014-01-02,005930,1380000.0,1348000.0,1.273763417365578e-07,0.17577935159644978,0.00011425657853769236,0.0004550137679513318,monthly_rebalance,0.0005692703464890242,62
2013-10-01,2013-09-30,2014-01-02,005380,251000.0,236500.0,7.00316141818525e-07,0.17577935159644978,0.00011425657853769236,0.0004389056339812151,monthly_rebalance,0.0005531622125189075,62
2013-10-01,2013-09-30,2014-01-02,005490,317500.0,327500.0,5.536357530596843e-07,0.17577935159644978,0.00011425657853769236,0.0004804866291866735,monthly_rebalance,0.0005947432077243658,62
2013-10-01,2013-09-30,2014-01-02,012330,285500.0,296500.0,6.156894977108574e-07,0.17577935159644978,0.00011425657853769236,0.00048376263058886335,monthly_rebalance,0.0005980192091265557,62
2013-10-01,2013-09-30,2014-01-02,000270,65000.0,56200.0,2.6955144584066364e-06,0.17520843979643136,0.0001138854858676804,0.00040144296829050036,monthly_rebalance,0.0005153284541581808,62
2014-01-02,2013-12-30,2014-04-01,005930,1348000.0,1345000.0,1.261756709690996e-07,0.17008480446634627,0.00011055512290312508,0.00044972163525161323,monthly_rebalance,0.0005602767581547383,61
2014-01-02,2013-12-30,2014-04-01,005380,236500.0,249000.0,7.191746489063267e-07,0.17008480446634627,0.00011055512290312508,0.0004745473920808397,monthly_rebalance,0.0005851025149839648,61
2014-01-02,2013-12-30,2014-04-01,012330,296500.0,317500.0,5.736418363114546e-07,0.17008480446634627,0.00011055512290312508,0.00048264790002655014,monthly_rebalance,0.0005932030229296752,61
2014-01-02,2013-12-30,2014-04-01,005490,327500.0,295000.0,5.193429144010574e-07,0.17008480446634627,0.00011055512290312508,0.0004059963233330266,monthly_rebalance,0.0005165514462361516,61
2014-01-02,2013-12-30,2014-04-01,000660,37100.0,36650.0,4.5696061434658836e-06,0.16953238792258427,0.00011019605214967978,0.0004438115726687653,monthly_rebalance,0.000554007624818445,61
2014-04-01,2014-03-31,2014-07-01,005930,1345000.0,1308000.0,1.2629554619226423e-07,0.1698675096285954,0.000110413881258587,0.00043776562221162625,monthly_rebalance,0.0005481795034702132,60
2014-04-01,2014-03-31,2014-07-01,005380,249000.0,229500.0,6.821988338497807e-07,0.1698675096285954,0.000110413881258587,0.00041489627577659036,monthly_rebalance,0.0005253101570351774,60
2014-04-01,2014-03-31,2014-07-01,012330,317500.0,281000.0,5.350157783577808e-07,0.1698675096285954,0.000110413881258587,0.0003983994993541215,monthly_rebalance,0.0005088133806127084,60
2014-04-01,2014-03-31,2014-07-01,005490,295000.0,300500.0,5.758220665376116e-07,0.1698675096285954,0.000110413881258587,0.00045854150713556355,monthly_rebalance,0.0005689553883941505,60
2014-04-01,2014-03-31,2014-07-01,000660,36650.0,49450.0,4.6198035152610856e-06,0.1693157988343188,0.00011005526924230722,0.0006053906021486008,monthly_rebalance,0.000715445871390908,60
2014-07-01,2014-06-30,2014-10-01,005930,1308000.0,1174000.0,1.3322132443794024e-07,0.17425349236482582,0.00011326477003713678,0.0004144648624588759,monthly_rebalance,0.0005277296324960126,62
2014-07-01,2014-06-30,2014-10-01,005380,229500.0,190000.0,7.592744765351888e-07,0.17425349236482582,0.00011326477003713678,0.00038229469893546754,monthly_rebalance,0.0004955594689726043,62
2014-07-01,2014-06-30,2014-10-01,000660,49450.0,46750.0,3.523831999288692e-06,0.17425349236482582,0.00011326477003713678,0.00043655873681187787,monthly_rebalance,0.0005498235068490146,62
2014-07-01,2014-06-30,2014-10-01,012330,281000.0,253500.0,6.201191899104121e-07,0.17425349236482582,0.00011326477003713678,0.00041658056880206713,monthly_rebalance,0.0005298453388392039,62
2014-07-01,2014-06-30,2014-10-01,035420,828000.0,803000.0,2.0976755602177095e-07,0.17368753638602635,0.00011289689865091712,0.0004463748708365275,monthly_rebalance,0.0005592717694874446,62
2014-10-01,2014-09-30,2015-01-02,005930,1174000.0,1340000.0,1.3440381938475312e-07,0.15779008395770017,0.0001025635545725051,0.0004772679626352583,monthly_rebalance,0.0005798315172077634,62
2014-10-01,2014-09-30,2015-01-02,005380,190000.0,169000.0,8.304741260931588e-07,0.15779008395770017,0.0001025635545725051,0.00037192783737082115,monthly_rebalance,0.00047449139194332627,62
2014-10-01,2014-09-30,2015-01-02,000660,46750.0,47950.0,3.375188961662036e-06,0.15779008395770017,0.0001025635545725051,0.00042887682338599065,monthly_rebalance,0.0005314403779584958,62
2014-10-01,2014-09-30,2015-01-02,015760,48700.0,42350.0,3.2400427917392232e-06,0.15779008395770017,0.0001025635545725051,0.0003636219024099137,monthly_rebalance,0.0004661854569824188,62
2014-10-01,2014-09-30,2015-01-02,005490,323000.0,278000.0,4.869275520119664e-07,0.15727759929986515,0.00010223043954491235,0.0003587195275672157,monthly_rebalance,0.000460949967112128,62
2015-07-01,2015-06-30,2015-10-01,005930,1268000.0,1140000.0,1.1874965514717999e-07,0.15057456272662423,9.787346577230575e-05,0.0003587427081996307,monthly_rebalance,0.0004566161739719365,63
2015-07-01,2015-06-30,2015-10-01,000660,42800.0,33750.0,3.518097259967856e-06,0.15057456272662423,9.787346577230575e-05,0.00031464982368837517,monthly_rebalance,0.00041252328946068094,63
2015-07-01,2015-06-30,2015-10-01,005380,136000.0,164000.0,1.1071659024016488e-06,0.15057456272662423,9.787346577230575e-05,0.00048117430118375655,monthly_rebalance,0.0005790477669560623,63
2015-07-01,2015-06-30,2015-10-01,015760,46200.0,49050.0,3.259189669407451e-06,0.15057456272662423,9.787346577230575e-05,0.00042363762120375395,monthly_rebalance,0.0005215110869760597,63
2015-07-01,2015-06-30,2015-10-01,090430,415500.0,385500.0,3.6121663845945347e-07,0.1500855132799029,9.75555836319369e-05,0.0003690098874342162,monthly_rebalance,0.00046656547106615305,63
2017-04-03,2017-03-31,2017-07-03,005930,2070000.0,2375000.0,7.080682613086143e-08,0.14657013009088316,9.527058455907404e-05,0.00044564046196110904,monthly_rebalance,0.000540911046520183,60
2017-04-03,2017-03-31,2017-07-03,000660,50800.0,66500.0,2.8852387813165975e-06,0.14657013009088316,9.527058455907404e-05,0.0005084512042375173,monthly_rebalance,0.0006037217887965914,60
2017-04-03,2017-03-31,2017-07-03,005380,156500.0,158500.0,9.365503520184227e-07,0.14657013009088316,9.527058455907404e-05,0.000393374561606538,monthly_rebalance,0.0004886451461656121,60
2017-04-03,2017-03-31,2017-07-03,015760,46800.0,40700.0,3.1318403865573324e-06,0.14657013009088316,9.527058455907404e-05,0.0003377846448921411,monthly_rebalance,0.00043305522945121514,60
2017-04-03,2017-03-31,2017-07-03,035420,855000.0,844000.0,1.7087027672088808e-07,0.1460940865963593,9.496115628763355e-05,0.00038216846091393826,monthly_rebalance,0.0004771296172015718,60
2017-07-03,2017-06-30,2017-10-10,005930,2375000.0,2668000.0,6.552343745389233e-08,0.15561816395299427,0.00010115180656944626,0.00046326380748650957,monthly_rebalance,0.0005644156140559558,64
2017-07-03,2017-06-30,2017-10-10,000660,66500.0,86300.0,2.3401227662104403e-06,0.15561816395299427,0.00010115180656944626,0.0005351743760184966,monthly_rebalance,0.0006363261825879429,64
2017-07-03,2017-06-30,2017-10-10,005380,158500.0,149500.0,9.818180691040648e-07,0.15561816395299427,0.00010115180656944626,0.0003889717735273029,monthly_rebalance,0.0004901235800967491,64
2017-07-03,2017-06-30,2017-10-10,028260,148500.0,136500.0,1.0479337639932274e-06,0.15561816395299427,0.00010115180656944626,0.00037906384078045016,monthly_rebalance,0.00048021564734989643,64
2017-07-03,2017-06-30,2017-10-10,035420,844000.0,747000.0,1.8378285953788388e-07,0.155112733449974,0.0001008232767424831,0.000363807359598218,monthly_rebalance,0.0004646306363407011,64
2018-01-02,2017-12-28,2018-04-02,005930,2569000.0,2450000.0,6.24172363475646e-08,0.16034988017689344,0.00010422742211498072,0.00040524390698656323,monthly_rebalance,0.0005094713291015439,61
2018-01-02,2017-12-28,2018-04-02,000660,77300.0,81700.0,2.0743839608912475e-06,0.16034988017689344,0.00010422742211498072,0.00044911449945275956,monthly_rebalance,0.0005533419215677403,61
2018-01-02,2017-12-28,2018-04-02,005380,150500.0,144500.0,1.0654477088165678e-06,0.16034988017689344,0.00010422742211498072,0.0004079865638985842,monthly_rebalance,0.0005122139860135649,61
2018-01-02,2017-12-28,2018-04-02,005490,335000.0,324500.0,4.786563587369954e-07,0.16034988017689344,0.00010422742211498072,0.0004116085692869107,monthly_rebalance,0.0005158359914018914,61
2018-01-02,2017-12-28,2018-04-02,035420,871000.0,783000.0,1.8350066772147287e-07,0.15982908158540288,0.00010388890303051186,0.0003807547104886701,monthly_rebalance,0.00048464361351918195,61
2018-04-02,2018-03-30,2018-07-02,005930,2450000.0,46500.0,6.312709351561607e-08,0.1546613791132594,0.0001005298964236186,7.77883609846179e-06,monthly_rebalance,0.0001083087325220804,60
2018-04-02,2018-03-30,2018-07-02,000660,81700.0,85000.0,1.8930401360252067e-06,0.1546613791132594,0.0001005298964236186,0.00042640729063967776,monthly_rebalance,0.0005269371870632964,60
2018-04-02,2018-03-30,2018-07-02,068270,310500.0,303000.0,4.981042805580013e-07,0.1546613791132594,0.0001005298964236186,0.00039995283207404706,monthly_rebalance,0.0005004827284976656,60
2018-04-02,2018-03-30,2018-07-02,207940,487000.0,420500.0,3.1757983390813017e-07,0.1546613791132594,0.0001005298964236186,0.00035388714841967715,monthly_rebalance,0.0004544170448432958,60
2018-04-02,2018-03-30,2018-07-02,005380,144500.0,125000.0,1.0668446791769772e-06,0.15415905614107323,0.0001002033864916976,0.00035339229997737373,monthly_rebalance,0.00045359568646907136,60
2018-07-02,2018-06-29,2018-10-01,005930,46500.0,46450.0,2.4951651830880633e-06,0.11602518101359494,7.541636765883671e-05,0.0003071361202992674,monthly_rebalance,0.00038255248795810413,61
2018-07-02,2018-06-29,2018-10-01,000660,85000.0,74300.0,1.3650021295717052e-06,0.11602518101359494,7.541636765883671e-05,0.0002687620943020209,monthly_rebalance,0.00034417846196085764,61
2018-07-02,2018-06-29,2018-10-01,068270,303000.0,297000.0,3.8292138948381167e-07,0.11602518101359494,7.541636765883671e-05,0.00030137827959323397,monthly_rebalance,0.0003767946472520707,61
2018-07-02,2018-06-29,2018-10-01,005490,326500.0,296500.0,3.553604318946246e-07,0.11602518101359494,7.541636765883671e-05,0.00027921557535040396,monthly_rebalance,0.0003546319430092407,61
2018-07-02,2018-06-29,2018-10-01,005380,125000.0,130000.0,9.251867529542563e-07,0.11564834411928203,7.517142367753333e-05,0.00031872683639274133,monthly_rebalance,0.00039389826007027467,61
2018-10-01,2018-09-28,2019-01-02,005930,46450.0,39400.0,2.3905755035228508e-06,0.11104223213863643,7.217745089011368e-05,0.00024959998832282086,monthly_rebalance,0.00032177743921293456,62
2018-10-01,2018-09-28,2019-01-02,000660,74300.0,61300.0,1.4945118726599788e-06,0.11104223213863643,7.217745089011368e-05,0.00024277598115425025,monthly_rebalance,0.0003149534320443639,62
2018-10-01,2018-09-28,2019-01-02,068270,297000.0,224500.0,3.738795694903583e-07,0.11104223213863643,7.217745089011368e-05,0.0002224303028790514,monthly_rebalance,0.0002946077537691651,62
2018-10-01,2018-09-28,2019-01-02,207940,536000.0,389500.0,2.0716834354223213e-07,0.11104223213863643,7.217745089011368e-05,0.00021383398499570343,monthly_rebalance,0.0002860114358858171,62
2018-10-01,2018-09-28,2019-01-02,005380,130000.0,117500.0,8.513967639117336e-07,0.11068157930852536,7.19430265505415e-05,0.000265103667363016,monthly_rebalance,0.0003370466939135575,62
2019-07-01,2019-06-28,2019-10-01,005930,47350.0,48900.0,1.8976796689675003e-06,0.08985513232561114,5.840583601164724e-05,0.0002459108199031535,monthly_rebalance,0.0003043166559148008,63
2019-07-01,2019-06-28,2019-10-01,000660,71000.0,81800.0,1.2655652440226921e-06,0.08985513232561114,5.840583601164724e-05,0.00027433657794679895,monthly_rebalance,0.0003327424139584462,63
2019-07-01,2019-06-28,2019-10-01,005380,141500.0,134000.0,6.350186030078526e-07,0.08985513232561114,5.840583601164724e-05,0.00022549510592808847,monthly_rebalance,0.0002839009419397357,63
2019-07-01,2019-06-28,2019-10-01,068270,206000.0,169000.0,4.3618996274568515e-07,0.08985513232561114,5.840583601164724e-05,0.00019534767481565508,monthly_rebalance,0.00025375351082730234,63
2019-07-01,2019-06-28,2019-10-01,051910,360000.0,299000.0,2.4878692455893825e-07,0.08956329284121778,5.8216140346791554e-05,0.00019712631967427473,monthly_rebalance,0.0002553424600210663,63
2019-10-01,2019-09-30,2020-01-02,005930,48900.0,55500.0,1.7520549825173604e-06,0.08567548864509893,5.5689067619314304e-05,0.0002576834865537408,monthly_rebalance,0.0003133725541730551,62
2019-10-01,2019-09-30,2020-01-02,000660,81800.0,96000.0,1.0473776117982753e-06,0.08567548864509893,5.5689067619314304e-05,0.00026645286444148126,monthly_rebalance,0.0003221419320607956,62
2019-10-01,2019-09-30,2020-01-02,005380,134000.0,121000.0,6.393693182470069e-07,0.08567548864509893,5.5689067619314304e-05,0.00020501377189590278,monthly_rebalance,0.0002607028395152171,62
2019-10-01,2019-09-30,2020-01-02,035420,157500.0,187500.0,5.439713564768186e-07,0.08567548864509893,5.5689067619314304e-05,0.00027028576774941926,monthly_rebalance,0.0003259748353687336,62
2019-10-01,2019-09-30,2020-01-02,012330,251500.0,254500.0,3.395515871924671e-07,0.08539722417890547,5.550819571628856e-05,0.0002290020791922796,monthly_rebalance,0.00028451027490856816,62
2020-01-02,2019-12-30,2020-04-01,005930,55500.0,47450.0,1.6660650813704118e-06,0.09246661201605785,6.01032978104376e-05,0.00020949518849421898,monthly_rebalance,0.0002695984863046566,62
2020-01-02,2019-12-30,2020-04-01,000660,96000.0,82100.0,9.631938751672694e-07,0.09246661201605785,6.01032978104376e-05,0.00020955727545076693,monthly_rebalance,0.00026966057326120453,62
2020-01-02,2019-12-30,2020-04-01,035420,187500.0,166500.0,4.931552640856418e-07,0.09246661201605785,6.01032978104376e-05,0.0002175924313961873,monthly_rebalance,0.00027769572920662494,62
2020-01-02,2019-12-30,2020-04-01,207940,433000.0,481000.0,2.1354875754285878e-07,0.09246661201605785,6.01032978104376e-05,0.00027219992380200493,monthly_rebalance,0.00033230322161244253,62
2020-01-02,2019-12-30,2020-04-01,005380,121000.0,88500.0,7.61704882114362e-07,0.0921662907358378,5.990808897829457e-05,0.00017863883747787075,monthly_rebalance,0.00023854692645616533,62
2020-10-05,2020-09-29,2021-01-04,005930,57500.0,81000.0,1.4235955044213328e-06,0.08185674150422664,5.3206881977747324e-05,0.0003055747750240391,monthly_rebalance,0.00035878165700178644,61
2020-10-05,2020-09-29,2021-01-04,000660,83000.0,124500.0,9.862258012557426e-07,0.08185674150422664,5.3206881977747324e-05,0.0003253805474793009,monthly_rebalance,0.0003785874294570482,61
2020-10-05,2020-09-29,2021-01-04,035420,297500.0,291500.0,2.7514871093857694e-07,0.08185674150422664,5.3206881977747324e-05,0.00021254550048227725,monthly_rebalance,0.00026575238246002455,61
2020-10-05,2020-09-29,2021-01-04,051910,670000.0,849000.0,1.2217424105108455e-07,0.08185674150422664,5.3206881977747324e-05,0.00027487371622878263,monthly_rebalance,0.00032808059820652996,61
2020-10-05,2020-09-29,2021-01-04,207940,697000.0,819000.0,1.170600859460227e-07,0.08159087990437783,5.303407193784558e-05,0.0002540613575329504,monthly_rebalance,0.00030709542947079596,61
2021-01-04,2020-12-30,2021-04-01,005930,81000.0,82500.0,1.2753775370332817e-06,0.10330558049969582,6.714862732480228e-05,0.0002788294140339012,monthly_rebalance,0.0003459780413587035,60
2021-01-04,2020-12-30,2021-04-01,000660,124500.0,138000.0,8.297636987927375e-07,0.10330558049969582,6.714862732480228e-05,0.0003034445846485041,monthly_rebalance,0.0003705932119733064,60
2021-01-04,2020-12-30,2021-04-01,051910,849000.0,817000.0,1.2167912897490673e-07,0.10330558049969582,6.714862732480228e-05,0.00026344139818712184,monthly_rebalance,0.00033059002551192413,60
2021-01-04,2020-12-30,2021-04-01,207940,819000.0,744000.0,1.2613623992636852e-07,0.10330558049969582,6.714862732480228e-05,0.00024869021063882814,monthly_rebalance,0.00031583883796363043,60
2021-01-04,2020-12-30,2021-04-01,068270,351500.0,323500.0,2.9294468123570795e-07,0.10297005545435134,6.693053604532838e-05,0.00025113415160634155,monthly_rebalance,0.00031806468765166994,60
2021-04-01,2021-03-31,2021-07-01,005930,82500.0,80500.0,1.2276492429987815e-06,0.10128106254739948,6.583269065580966e-05,0.00026188827476271507,monthly_rebalance,0.00032772096541852473,63
2021-04-01,2021-03-31,2021-07-01,000660,138000.0,127500.0,7.339207430970977e-07,0.10128106254739948,6.583269065580966e-05,0.00024797347107393184,monthly_rebalance,0.0003138061617297415,63
2021-04-01,2021-03-31,2021-07-01,035420,375500.0,418000.0,2.6972320252303456e-07,0.10128106254739948,6.583269065580966e-05,0.00029877239143476534,monthly_rebalance,0.000364605082090575,63
2021-04-01,2021-03-31,2021-07-01,051910,817000.0,851000.0,1.239670288217864e-07,0.10128106254739948,6.583269065580966e-05,0.00027956424504745156,monthly_rebalance,0.0003453969357032612,63
2021-04-01,2021-03-31,2021-07-01,207940,744000.0,845000.0,1.3568832380562344e-07,0.10095211291138384,6.56188733923995e-05,0.0003038400790817423,monthly_rebalance,0.0003694589524741418,63
2021-07-01,2021-06-30,2021-10-01,005930,80500.0,73900.0,1.3016285568760292e-06,0.10478109882852035,6.810771423853823e-05,0.0002549044284358172,monthly_rebalance,0.0003230121426743554,62
2021-07-01,2021-06-30,2021-10-01,000660,127500.0,102000.0,8.218125398315322e-07,0.10478109882852035,6.810771423853823e-05,0.00022213592951646316,monthly_rebalance,0.0002902436437550014,62
2021-07-01,2021-06-30,2021-10-01,035720,164000.0,118000.0,6.389091391982948e-07,0.10478109882852035,6.810771423853823e-05,0.0001997868878273068,monthly_rebalance,0.000267894602065845,62
2021-07-01,2021-06-30,2021-10-01,035420,418000.0,388500.0,2.506724852356946e-07,0.10478109882852035,6.810771423853823e-05,0.00025807359036227853,monthly_rebalance,0.0003261813046008168,62
2021-07-01,2021-06-30,2021-10-01,051910,851000.0,778000.0,1.227271227539541e-07,0.10444078146361492,6.788650795134969e-05,0.00025302650898182717,monthly_rebalance,0.00032091301693317685,62
2021-10-01,2021-09-30,2022-01-03,005930,73900.0,79400.0,1.2099771109955981e-06,0.0894173085025747,5.8121250526673565e-05,0.0002545912839245838,monthly_rebalance,0.0003127125344512574,63
2021-10-01,2021-09-30,2022-01-03,000660,102000.0,132000.0,8.76640279437007e-07,0.0894173085025747,5.8121250526673565e-05,0.00030664876974706505,monthly_rebalance,0.0003647700202737386,63
2021-10-01,2021-09-30,2022-01-03,035420,388500.0,379000.0,2.3016038224600955e-07,0.0894173085025747,5.8121250526673565e-05,0.0002311615799087797,monthly_rebalance,0.0002892828304354533,63
2021-10-01,2021-09-30,2022-01-03,207940,872000.0,903000.0,1.0254278498001686e-07,0.0894173085025747,5.8121250526673565e-05,0.00024537975731793134,monthly_rebalance,0.0003035010078446049,63
2021-10-01,2021-09-30,2022-01-03,051910,778000.0,622000.0,1.1455898588856576e-07,0.08912689102130417,5.7932479163847706e-05,0.00018882757644012296,monthly_rebalance,0.00024676005560397065,63
2022-01-03,2021-12-30,2022-04-01,005930,79400.0,69500.0,1.162832996126644e-06,0.09232893989245554,6.00138109300961e-05,0.00021416476706162467,monthly_rebalance,0.00027417857799172076,59
2022-01-03,2021-12-30,2022-04-01,000660,132000.0,117000.0,6.994616658519359e-07,0.09232893989245554,6.00138109300961e-05,0.0002168680894973927,monthly_rebalance,0.0002768819004274888,59
2022-01-03,2021-12-30,2022-04-01,035420,379000.0,340000.0,2.436119786080621e-07,0.09232893989245554,6.00138109300961e-05,0.00021949439272586396,monthly_rebalance,0.0002795082036559601,59
2022-01-03,2021-12-30,2022-04-01,207940,903000.0,825000.0,1.0224688803151223e-07,0.09232893989245554,6.00138109300961e-05,0.00022353725895889363,monthly_rebalance,0.0002835510698889897,59
2022-01-03,2021-12-30,2022-04-01,035720,113500.0,105500.0,8.108287731805621e-07,0.0920290657559938,5.981889274139597e-05,0.00022668745426195565,monthly_rebalance,0.00028650634700335163,59
2022-04-01,2022-03-31,2022-07-01,005930,69500.0,56900.0,1.1921650276151385e-06,0.08285546941925212,5.385605512251388e-05,0.00017976060368894866,monthly_rebalance,0.00023361665881146254,62
2022-04-01,2022-03-31,2022-07-01,373220,438500.0,371000.0,1.8895203972463424e-07,0.08285546941925212,5.385605512251388e-05,0.00018576819785527413,monthly_rebalance,0.00023962425297778802,62
2022-04-01,2022-03-31,2022-07-01,000660,117000.0,91000.0,7.081664052927532e-07,0.08285546941925212,5.385605512251388e-05,0.0001707743286363474,monthly_rebalance,0.0002246303837588613,62
2022-04-01,2022-03-31,2022-07-01,035420,340000.0,240000.0,2.436925571154474e-07,0.08285546941925212,5.385605512251388e-05,0.00015498846632542454,monthly_rebalance,0.00020884452144793843,62
2022-04-01,2022-03-31,2022-07-01,207940,825000.0,799000.0,1.0010468371166264e-07,0.08258636406212168,5.368113664037909e-05,0.0002119566520568889,monthly_rebalance,0.000265637788697268,62
2023-07-03,2023-06-30,2023-10-04,005930,72700.0,67400.0,9.35199855393519e-07,0.06798902948710883,4.419286916662074e-05,0.00016703604617183642,monthly_rebalance,0.00021122891533845715,62
2023-07-03,2023-06-30,2023-10-04,373220,557000.0,467000.0,1.2206288956392967e-07,0.06798902948710883,4.419286916662074e-05,0.00015105892897984116,monthly_rebalance,0.00019525179814646192,62
2023-07-03,2023-06-30,2023-10-04,000660,115300.0,113000.0,5.896706807208051e-07,0.06798902948710883,4.419286916662074e-05,0.0001765768853418451,monthly_rebalance,0.00022076975450846585,62
2023-07-03,2023-06-30,2023-10-04,207940,745000.0,668000.0,9.126044226457561e-08,0.06798902948710883,4.419286916662074e-05,0.00016154923489675174,monthly_rebalance,0.00020574210406337247,62
2023-07-03,2023-06-30,2023-10-04,051910,678000.0,497000.0,9.995311013982847e-08,0.06776820867480371,4.404933563862241e-05,0.0001316432437096611,monthly_rebalance,0.0001756925793482835,62
2023-10-04,2023-09-27,2024-01-02,005930,67400.0,78200.0,8.798796244346013e-07,0.05930388668689213,3.8547526346479885e-05,0.00018233745457158241,monthly_rebalance,0.0002208849809180623,60
2023-10-04,2023-09-27,2024-01-02,373220,467000.0,425000.0,1.269890507213964e-07,0.05930388668689213,3.8547526346479885e-05,0.0001430214183749727,monthly_rebalance,0.00018156894472145258,60
2023-10-04,2023-09-27,2024-01-02,000660,113000.0,139700.0,5.248131565211692e-07,0.05930388668689213,3.8547526346479885e-05,0.00019428845460991943,monthly_rebalance,0.0002328359809563993,60
2023-10-04,2023-09-27,2024-01-02,207940,668000.0,760000.0,8.877827348337145e-08,0.05930388668689213,3.8547526346479885e-05,0.0001787994427955101,monthly_rebalance,0.00021734696914198998,60
2023-10-04,2023-09-27,2024-01-02,005490,529000.0,495000.0,1.1174153923108058e-07,0.05911127425324163,3.842232826460706e-05,0.00014657696408636994,monthly_rebalance,0.000184999292350977,60
2024-01-02,2023-12-28,2024-04-01,005930,78200.0,83200.0,8.133807089148222e-07,0.0636063714371391,4.1344141434140416e-05,0.00017933417870154,monthly_rebalance,0.00022067832013568042,61
2024-01-02,2023-12-28,2024-04-01,000660,139700.0,186400.0,4.5530688215561275e-07,0.0636063714371391,4.1344141434140416e-05,0.00022490338750958644,monthly_rebalance,0.00026624752894372687,61
2024-01-02,2023-12-28,2024-04-01,373220,425000.0,395000.0,1.496620504403273e-07,0.0636063714371391,4.1344141434140416e-05,0.0001566587512984126,monthly_rebalance,0.000198002892732553,61
2024-01-02,2023-12-28,2024-04-01,207940,760000.0,838000.0,8.369259399623566e-08,0.0636063714371391,4.1344141434140416e-05,0.0001858561434874405,monthly_rebalance,0.0002272002849215809,61
2024-01-02,2023-12-28,2024-04-01,005380,202000.0,234500.0,3.1386032183735293e-07,0.0633997850111453,4.120986025724444e-05,0.00019504065049777707,monthly_rebalance,0.0002362505107550215,61
2024-10-02,2024-09-30,2025-01-02,005930,60500.0,52700.0,1.171741599562508e-06,0.07089036677353173,4.607873840279563e-05,0.00016363957308690205,monthly_rebalance,0.00020971831148969768,61
2024-10-02,2024-09-30,2025-01-02,000660,172700.0,170500.0,4.1048272596138816e-07,0.07089036677353173,4.607873840279563e-05,0.00018546635765750422,monthly_rebalance,0.00023154509606029984,61
2024-10-02,2024-09-30,2025-01-02,373220,409500.0,348500.0,1.7311444877541328e-07,0.07089036677353173,4.607873840279563e-05,0.00015987552130531356,monthly_rebalance,0.00020595425970810919,61
2024-10-02,2024-09-30,2025-01-02,207940,973000.0,950000.0,7.285751980835739e-08,0.07089036677353173,4.607873840279563e-05,0.00018341880611753972,monthly_rebalance,0.00022949754452033534,61
2024-10-02,2024-09-30,2025-01-02,005380,237500.0,212000.0,2.975163062742711e-07,0.07066012274013939,4.5929079781090595e-05,0.0001671446608648855,monthly_rebalance,0.0002130737406459761,61
2025-07-01,2025-06-30,2025-10-01,005930,60400.0,84900.0,1.0711822129160435e-06,0.06469940566012904,4.2054613679083876e-05,0.00024099993017291608,monthly_rebalance,0.000283054543852,65
2025-07-01,2025-06-30,2025-10-01,000660,291000.0,351000.0,2.223347273543953e-07,0.06469940566012904,4.2054613679083876e-05,0.00020680464664869075,monthly_rebalance,0.0002488592603277746,65
2025-07-01,2025-06-30,2025-10-01,207940,994000.0,999000.0,6.508994533212177e-08,0.06469940566012904,4.2054613679083876e-05,0.00017231586677499258,monthly_rebalance,0.00021437048045407645,65
2025-07-01,2025-06-30,2025-10-01,373220,296500.0,349000.0,2.1821047440178427e-07,0.06469940566012904,4.2054613679083876e-05,0.0002018119572504902,monthly_rebalance,0.00024386657092957407,65
2025-07-01,2025-06-30,2025-10-01,034020,67800.0,62700.0,9.511691619534725e-07,0.06448926918044544,4.1918024967289535e-05,0.00015804151210437923,monthly_rebalance,0.00019995953707166876,65
2025-10-01,2025-09-30,2026-01-02,005930,84900.0,120200.0,8.688374621260507e-07,0.0737643005345017,4.79467953474261e-05,0.0002767507968110109,monthly_rebalance,0.000324697592158437,59
2025-10-01,2025-09-30,2026-01-02,000660,351000.0,651000.0,2.1015470237749773e-07,0.0737643005345017,4.79467953474261e-05,0.0003625483848065402,monthly_rebalance,0.00041049518015396627,59
2025-10-01,2025-09-30,2026-01-02,373220,349000.0,368500.0,2.113590273194891e-07,0.0737643005345017,4.79467953474261e-05,0.00020639737415316414,monthly_rebalance,0.00025434416950059026,59
2025-10-01,2025-09-30,2026-01-02,207940,999000.0,1695000.0,7.383813867317487e-08,0.0737643005345017,4.79467953474261e-05,0.00033166245938523323,monthly_rebalance,0.0003796092547326593,59
2025-10-01,2025-09-30,2026-01-02,012450,1100000.0,953000.0,6.684065662147974e-08,0.07352472228362772,4.7791069484358016e-05,0.000168802736264716,monthly_rebalance,0.00021659380574907402,59
2026-01-02,2025-12-30,2026-04-01,005930,120200.0,179000.0,8.429940180073461e-07,0.101327880964483,6.586312262691396e-05,0.0003998742124417847,monthly_rebalance,0.0004657373350686986,59
2026-01-02,2025-12-30,2026-04-01,000660,651000.0,884000.0,1.5564958673499693e-07,0.101327880964483,6.586312262691396e-05,0.0003646247218854038,monthly_rebalance,0.00043048784451231773,59
2026-01-02,2025-12-30,2026-04-01,373220,368500.0,409500.0,2.7497389678285753e-07,0.101327880964483,6.586312262691396e-05,0.0002983947984413374,monthly_rebalance,0.0003642579210682514,59
2026-01-02,2025-12-30,2026-04-01,207940,1695000.0,1570000.0,5.978046074600767e-08,0.101327880964483,6.586312262691396e-05,0.00024871660693376487,monthly_rebalance,0.00031457972956067885,59
2026-01-02,2025-12-30,2026-04-01,005380,299500.0,472000.0,3.372246386225428e-07,0.10099877926745156,6.564920652384351e-05,0.00042180057798907653,monthly_rebalance,0.00048744978451292006,59
2026-04-01,2026-03-31,2026-05-04,005930,179000.0,232500.0,7.289205771095121e-07,0.13047678330260265,8.480990914669172e-05,0.00044910619057159817,period_end,0.0005339160997182899,22
2026-04-01,2026-03-31,2026-05-04,000660,884000.0,1447000.0,1.4759817115679033e-07,0.13047678330260265,8.480990914669172e-05,0.0005659725672092704,period_end,0.0006507824763559622,22
2026-04-01,2026-03-31,2026-05-04,373220,409500.0,472000.0,3.186246234495791e-07,0.13047678330260265,8.480990914669172e-05,0.00039853567901073354,period_end,0.00048334558815742526,22
2026-04-01,2026-03-31,2026-05-04,005380,472000.0,539000.0,2.764338629292429e-07,0.13047678330260265,8.480990914669172e-05,0.00039484430811498415,period_end,0.00047965421726167587,22
2026-04-01,2026-03-31,2026-05-04,207940,1570000.0,1485000.0,8.28363115987449e-08,0.1300530092100295,8.453445598651916e-05,0.00032598159521896085,period_end,0.00041051605120548,22
